"id","name","applicability","country_id/id","name@pl"
"gold_tag","Gold","taxes","base.pl","Złoty"
"K_1","Revenues from core operations","accounts","base.pl","Przychody z działalności podstawowej"
"K_2","Other operating income","accounts","base.pl","Pozostałe przychody operacyjne"
"K_3","Financial income","accounts","base.pl","Przychody finansowe"
"K_4","Other taxable income","accounts","base.pl","Pozostałe przychody opodatkowane"
"K_5","Operating expenses / COGS","accounts","base.pl","Koszty operacyjne / KWS"
"K_6","Other operating expenses","accounts","base.pl","Pozostałe koszty operacyjne"
"K_7","Financial expenses","accounts","base.pl","Koszty finansowe"
"K_8","Other taxable costs","accounts","base.pl","Pozostałe koszty podatkowe"
