"id","name","code","account_type","reconcile","tag_ids","non_trade","parent_id","active","name@es"
"cuenta101_00","Cash","101","asset_cash","True","l10n_mx.tag_debit_balance_account","","","False","Caja"
"cuenta102_00","Banks","102","asset_current","True","l10n_mx.tag_debit_balance_account","","","False","Bancos"
"cuenta102_02","Foreign currency bank transfers","102.02.01","asset_current","True","l10n_mx.tag_debit_balance_account","","cuenta102_00","","Transferencias bancarias moneda extranjera"
"cuenta105_00","Customers","105","asset_receivable","True","l10n_mx.tag_debit_balance_account","","","False","Clientes"
"cuenta105_01","Domestic customers","105.01.01","asset_receivable","True","l10n_mx.tag_debit_balance_account","","cuenta105_00","","Clientes nacionales"
"cuenta105_02","National customers (PoS)","105.01.02","asset_receivable","True","l10n_mx.tag_debit_balance_account","","cuenta105_00","","Clientes nacionales (PoS)"
"cuenta107_00","Other receivables","107","asset_receivable","True","l10n_mx.tag_debit_balance_account","","","False","Deudores diversos"
"cuenta107_05_01","Goods Shipped - No Invoices","107.05.01","asset_receivable","True","l10n_mx.tag_debit_balance_account","","cuenta107_00","","Mercancías Enviadas - No Facturas"
"cuenta108_00","Allowance for doubtful accounts","108","asset_current","True","l10n_mx.tag_debit_balance_account","","","False","Estimación de cuentas incobrables"
"cuenta108_01","Allowance for doubtful accounts national","108.01.01","asset_current","True","l10n_mx.tag_debit_balance_account","","cuenta108_00","","Estimación de cuentas incobrables nacional"
"cuenta108_02","Allowance for doubtful accounts foreign","108.02.01","asset_current","True","l10n_mx.tag_debit_balance_account","","cuenta108_00","","Estimación de cuentas incobrables extranjero"
"cuenta110_00","Employment subsidy to be applied","110","asset_current","True","l10n_mx.tag_debit_balance_account","","","False","Subsidio al empleo por aplicar"
"cuenta110_01","Employment subsidy to apply","110.01.01","asset_current","True","l10n_mx.tag_debit_balance_account","","cuenta110_00","","Subsidio al empleo por aplicar"
"cuenta113_00","Taxes credit","113","asset_current","False","l10n_mx.tag_debit_balance_account","","","False","Impuestos a favor"
"cuenta113_01","VAT credit","113.01.01","asset_current","False","l10n_mx.tag_debit_balance_account","True","cuenta113_00","","IVA a favor"
"cuenta113_02_01","ISR Credit","113.02.01","asset_current","False","l10n_mx.tag_debit_balance_account","True","cuenta113_00","","ISR a favor"
"cuenta113_02_02","ISR Withheld","113.02.02","asset_current","False","l10n_mx.tag_debit_balance_account","","cuenta113_00","","ISR Retenido"
"cuenta113_08","Other taxes credit","113.08.01","asset_current","False","l10n_mx.tag_debit_balance_account","True","cuenta113_00","","Otros impuestos a favor"
"cuenta115_00","Inventory","115","asset_current","False","l10n_mx.tag_debit_balance_account","","","False","Inventario"
"cuenta115_01","Inventory","115.01.01","asset_current","False","l10n_mx.tag_debit_balance_account","","cuenta115_00","","Inventario"
"cuenta115_02","Raw materials and materials","115.02.01","asset_current","False","l10n_mx.tag_debit_balance_account","","cuenta115_00","","Materia prima y materiales"
"cuenta115_03","Production in progress","115.03.01","asset_current","False","l10n_mx.tag_debit_balance_account","","cuenta115_00","","Producción en proceso"
"cuenta115_04","Finished products","115.04.01","asset_current","False","l10n_mx.tag_debit_balance_account","","cuenta115_00","","Productos terminados"
"cuenta115_05","Goods in transit","115.05.01","asset_current","True","l10n_mx.tag_debit_balance_account","","cuenta115_00","","Mercancías en tránsito"
"cuenta115_06","Goods held by third parties","115.06.01","asset_current","False","l10n_mx.tag_debit_balance_account","","cuenta115_00","","Mercancías en poder de terceros"
"cuenta118_00","Paid creditable taxes","118","asset_current","False","l10n_mx.tag_debit_balance_account","","","False","Impuestos acreditadles pagados"
"cuenta118_01","Creditable VAT paid","118.01.01","asset_current","False","l10n_mx.tag_debit_balance_account","","cuenta118_00","","IVA acreditable pagado"
"cuenta118_01_02","Creditable VAT paid at 8%","118.01.02","asset_current","False","l10n_mx.tag_debit_balance_account","","cuenta118_00","","IVA acreditable pagado al 8%"
"cuenta118_02","Creditable import VAT paid","118.02.01","asset_current","False","l10n_mx.tag_debit_balance_account","","cuenta118_00","","IVA acreditable de importación pagado"
"cuenta118_03","IEPS creditable paid","118.03.01","asset_current","False","l10n_mx.tag_debit_balance_account","","cuenta118_00","","IEPS acreditable pagado"
"cuenta119_00","Creditable taxes to be paid","119","asset_current","True","l10n_mx.tag_debit_balance_account","","","False","Impuestos acreditables por pagar"
"cuenta119_01","VAT due","119.01.01","asset_current","True","l10n_mx.tag_debit_balance_account","","cuenta119_00","","IVA pendiente de pago"
"cuenta119_01_02","Freight VAT due","119.01.02","asset_current","True","l10n_mx.tag_debit_balance_account","","cuenta119_00","","Flete IVA pendiente de pago"
"cuenta119_01_03","Honorarium VAT due","119.01.03","asset_current","True","l10n_mx.tag_debit_balance_account","","cuenta119_00","","Honorarios IVA pendiente de pago"
"cuenta119_01_04","Lease VAT due","119.01.04","asset_current","True","l10n_mx.tag_debit_balance_account","","cuenta119_00","","Arrendamiento IVA pendiente de pago"
"cuenta119_02","Importation VAT due","119.02.01","asset_current","True","l10n_mx.tag_debit_balance_account","","cuenta119_00","","IVA de importación pendiente de pago"
"cuenta119_03","IEPS due","119.03.01","asset_current","True","l10n_mx.tag_debit_balance_account","","cuenta119_00","","IEPS pendiente"
"cuenta120_00","Advances to suppliers","120","asset_current","True","l10n_mx.tag_debit_balance_account","","","False","Anticipo a proveedores"
"cuenta120_01","Advance to national suppliers","120.01.01","asset_current","True","l10n_mx.tag_debit_balance_account","","cuenta120_00","","Anticipo a proveedores nacional"
"cuenta120_02","Advance payment to foreign suppliers","120.02.01","asset_current","True","l10n_mx.tag_debit_balance_account","","cuenta120_00","","Anticipo a proveedores extranjero"
"cuenta173_00","Deferred Revenue","173","asset_current","True","l10n_mx.tag_debit_balance_account","","","False","Gastos diferidos"
"cuenta173_01","Deferred expenses","173.01.01","asset_current","True","l10n_mx.tag_debit_balance_account","","cuenta173_00","","Gastos diferidos"
"cuenta201_00","Accounts payable","201","liability_payable","True","l10n_mx.tag_credit_balance_account","","","False","Proveedores"
"cuenta201_01","National suppliers","201.01.01","liability_payable","True","l10n_mx.tag_credit_balance_account","","cuenta201_00","","Proveedores nacionales"
"cuenta201_01_02","Employee Reimbursement","201.01.02","liability_payable","True","l10n_mx.tag_credit_balance_account","","cuenta201_00","","Reembolso empleados"
"cuenta205_00","Sundry creditors (Short-term)","205","liability_current","True","l10n_mx.tag_credit_balance_account","","","False","Acreedores diversos a corto plazo"
"cuenta205_06_01","Goods Received - No Invoices","205.06.01","liability_current","True","l10n_mx.tag_credit_balance_account","","cuenta205_00","","Mercancías Recibidas - No Facturas"
"cuenta205_06_02","Other Various Short-Term Credits (Fonacot)","205.06.02","liability_current","True","l10n_mx.tag_credit_balance_account","","cuenta205_00","","Otros acreedores diversos a corto plazo (Fonacot)"
"cuenta206_00","Customer advance payments","206","liability_current","True","l10n_mx.tag_credit_balance_account","","","False","Anticipo de cliente"
"cuenta206_01","Domestic customer advance","206.01.01","liability_current","True","l10n_mx.tag_credit_balance_account","","cuenta206_00","","Anticipo de cliente nacional"
"cuenta206_02","Advance payment from foreign customer","206.02.01","liability_current","True","l10n_mx.tag_credit_balance_account","","cuenta206_00","","Anticipo de cliente extranjero"
"cuenta206_05_01","Other customer advances","206.05.01","liability_current","True","l10n_mx.tag_credit_balance_account","","cuenta206_00","","Otros anticipos de clientes"
"cuenta208_00","Collected carried forward taxes","208","liability_current","False","l10n_mx.tag_credit_balance_account","","","False","Impuestos trasladados cobrados"
"cuenta208_01","VAT carried forward collected","208.01.01","liability_current","False","l10n_mx.tag_credit_balance_account","","cuenta208_00","","IVA trasladado cobrado"
"cuenta208_02","IEPS carried forward collected","208.02.01","liability_current","False","l10n_mx.tag_credit_balance_account","","cuenta208_00","","IEPS trasladado cobrado"
"cuenta209_00","Uncollected carried forward taxes","209","liability_current","True","l10n_mx.tag_credit_balance_account","","","False","Impuestos trasladados no cobrados"
"cuenta209_01","VAT carried forward not collected","209.01.01","liability_current","True","l10n_mx.tag_credit_balance_account","","cuenta209_00","","IVA trasladado no cobrado"
"cuenta209_02","IEPS carried forward not collected","209.02.01","liability_current","True","l10n_mx.tag_credit_balance_account","","cuenta209_00","","IEPS trasladado no cobrado"
"cuenta210_00","Accrued wages and salaries","210","liability_current","True","l10n_mx.tag_credit_balance_account","","","False","Provisión de sueldos y salarios por pagar"
"cuenta210_01","Provision of wages and salaries to pay","210.01.01","liability_current","True","l10n_mx.tag_credit_balance_account","","cuenta210_00","","Provisión de sueldos y salarios a pagar"
"cuenta210_02","Provision for vacation to pay","210.02.01","liability_current","True","l10n_mx.tag_credit_balance_account","","cuenta210_00","","Provisión de vacaciones a pagar"
"cuenta210_03","Provision for bonus to pay","210.03.01","liability_current","True","l10n_mx.tag_credit_balance_account","","cuenta210_00","","Provisión de aguinaldo a pagar"
"cuenta210_04","Provision for savings fund to pay","210.04.01","liability_current","True","l10n_mx.tag_credit_balance_account","","cuenta210_00","","Provisión de fondo de ahorro a pagar"
"cuenta211_00","Accrued social security contributions","211","liability_current","True","l10n_mx.tag_credit_balance_account","","","False","Provisión de contribuciones de seguridad social por pagar"
"cuenta211_01","Provision for employer IMSS to pay","211.01.01","liability_current","True","l10n_mx.tag_credit_balance_account","","cuenta211_00","","Provisión de IMSS patronal a pagar"
"cuenta211_02","Provision for SAR to pay","211.02.01","liability_current","True","l10n_mx.tag_credit_balance_account","","cuenta211_00","","Provisión de SAR a pagar"
"cuenta211_03","Provision for infonavit to pay","211.03.01","liability_current","True","l10n_mx.tag_credit_balance_account","","cuenta211_00","","Provisión de infonavit a pagar"
"cuenta213_00","Taxes and duties payable","213","liability_payable","True","l10n_mx.tag_credit_balance_account","","","False","Impuestos y derechos por pagar"
"cuenta213_01","VAT payable","213.01.01","liability_payable","True","l10n_mx.tag_credit_balance_account","True","cuenta213_00","","IVA por pagar"
"cuenta213_02","IEPS payable","213.02.01","liability_payable","True","l10n_mx.tag_credit_balance_account","True","cuenta213_00","","IEPS por pagar"
"cuenta213_03","ISR payable","213.03.01","liability_payable","True","l10n_mx.tag_credit_balance_account","True","cuenta213_00","","ISR por pagar"
"cuenta213_07","Other taxes payable","213.07.01","liability_payable","True","l10n_mx.tag_credit_balance_account","","cuenta213_00","","Otros impuestos por pagar"
"cuenta216_00","Withheld taxes","216","liability_current","True","l10n_mx.tag_credit_balance_account","","","False","Impuestos retenidos"
"cuenta216_01","Withholding or income tax for wages and salaries","216.01.01","liability_current","True","l10n_mx.tag_credit_balance_account","","cuenta216_00","","Retenciones o impuesto sobre la renta para sueldos y salarios"
"cuenta216_03","Withholding of income tax for leasing","216.03.01","liability_current","False","l10n_mx.tag_credit_balance_account","","cuenta216_00","","Impuestos retenidos de ISR por arrendamiento"
"cuenta216_04","Taxes withheld from income tax for professional services","216.04.01","liability_current","False","l10n_mx.tag_credit_balance_account","","cuenta216_00","","Impuestos retenidos de ISR por servicios profesionales"
"cuenta216_10","VAT withholding taxes","216.10.10","liability_current","True","l10n_mx.tag_credit_balance_account","","cuenta216_00","","Impuestos retenidos de IVA"
"cuenta216_10_20","VAT withholding tax effectively paid","216.10.20","liability_current","False","l10n_mx.tag_credit_balance_account","","cuenta216_00","","Impuestos retenidos de iva efectivamente pagados"
"cuenta216_11","IMSS withholding tax","216.11.01","liability_current","True","l10n_mx.tag_credit_balance_account","","cuenta216_00","","Retención de impuestos del IMSS"
"cuenta260_00","Deferred liabilities","260","liability_current","False","l10n_mx.tag_credit_balance_account","","","False","Pasivos diferidos"
"cuenta260_01_01","Deferred Revenue","260.01.01","liability_current","False","l10n_mx.tag_credit_balance_account","","cuenta260_00","","Ingresos diferidos"
"cuenta302_00","Equity","302","equity","False","l10n_mx.tag_credit_balance_account","","","False","Patrimonio"
"cuenta302_01","Heritage","302.01.01","equity","False","l10n_mx.tag_credit_balance_account","","cuenta302_00","","Patrimonio"
"cuenta304_00","Retained earnings","304","equity","False","l10n_mx.tag_credit_balance_account","","","False","Resultado de ejercicios anteriores"
"cuenta304_01","Profit from previous years","304.01.01","equity","False","l10n_mx.tag_credit_balance_account","","cuenta304_00","","Utilidad de ejercicios anteriores"
"cuenta305_00","Net income/loss for the period","305","equity_unaffected","False","l10n_mx.tag_credit_balance_account","","","False","Resultado del ejercicio"
"cuenta305_01","Uncut results","305.01.01","equity_unaffected","False","l10n_mx.tag_credit_balance_account","","cuenta305_00","","Resutado Integral"
"cuenta401_00","Income","401","income","False","l10n_mx.tag_credit_balance_account","","","False","Ingresos"
"cuenta401_01","Sales and/or services taxed at the general rate","401.01.01","income","False","l10n_mx.tag_credit_balance_account","","cuenta401_00","","Ventas y/o servicios gravados a la tasa general"
"cuenta402_00","Sales returns, discounts and allowances","402","income_other","False","l10n_mx.tag_debit_balance_account","","","False","Devoluciones, descuentos o bonificaciones sobre ingresos"
"cuenta402_01","Returns, discounts or bonuses over sales and/or services at the general rate","402.01.01","income_other","False","l10n_mx.tag_debit_balance_account","","cuenta402_00","","Devoluciones, descuentos o bonificaciones sobre ventas y/o servicios a tarifa general"
"cuenta402_04","Re-invoicing","402.04.01","income_other","False","l10n_mx.tag_credit_balance_account","","cuenta402_00","","Refacturaciones"
"cuenta501_00","Cost of goods and/or services sold","501","expense_direct_cost","False","l10n_mx.tag_debit_balance_account","","","False","Costo de venta y/o servicio"
"cuenta501_01","Cost of sales","501.01.01","expense_direct_cost","False","l10n_mx.tag_debit_balance_account","","cuenta501_00","","Costo de venta"
"cuenta501_02","Stock Variation","501.01.02","expense_direct_cost","False","l10n_mx.tag_debit_balance_account","","cuenta501_00","","Variación de Existencias"
"cuenta503_00","Purchase returns, discounts, and allowances","503","expense_direct_cost","False","l10n_mx.tag_credit_balance_account","","","False","Devoluciones, descuentos o bonificaciones sobre compras"
"cuenta503_01","Returns, discounts or bonuses over purchases","503.01.01","expense_direct_cost","False","l10n_mx.tag_credit_balance_account","","cuenta503_00","","Devoluciones, descuentos o bonificaciones sobre compras"
"cuenta505_00","Cost of fixed assets","505","expense","False","l10n_mx.tag_debit_balance_account","","","False","Costo de activo fijo"
"cuenta505_01","Purchases of Raw Materials","505.01.01","expense","False","l10n_mx.tag_debit_balance_account","","cuenta505_00","","Compras de Materia Prima"
"cuenta601_00","General Expenses","601","expense","False","l10n_mx.tag_debit_balance_account","","","False","Gastos generales"
"cuenta601_01","Wages and Salaries","601.01.01","expense","False","l10n_mx.tag_debit_balance_account","","cuenta601_00","","Sueldos y salarios"
"cuenta601_06","Vacation","601.06.01","expense","False","l10n_mx.tag_debit_balance_account","","cuenta601_00","","Vacaciones"
"cuenta601_07","Holiday Bonus","601.07.01","expense","False","l10n_mx.tag_debit_balance_account","","cuenta601_00","","Prima Vacacional"
"cuenta601_12","Bonus","601.12.01","expense","False","l10n_mx.tag_debit_balance_account","","cuenta601_00","","Aguinaldo"
"cuenta601_15","Pantry","601.15.01","expense","False","l10n_mx.tag_debit_balance_account","","cuenta601_00","","Despensa"
"cuenta601_16","Transport (support)","601.16.01","expense","False","l10n_mx.tag_debit_balance_account","","cuenta601_00","","Transport (Apoyo)"
"cuenta601_16_02","Transport (gasoline vouchers)","601.16.02","expense","False","l10n_mx.tag_debit_balance_account","","cuenta601_00","","Transport (Vales de gasolina)"
"cuenta601_19","Savings fund","601.19.01","expense","False","l10n_mx.tag_debit_balance_account","","cuenta601_00","","Fondo de ahorro"
"cuenta601_26","IMSS quota","601.26.01","expense","False","l10n_mx.tag_debit_balance_account","","cuenta601_00","","Cuota IMSS"
"cuenta601_27","Contributions to infonavit","601.27.01","expense","False","l10n_mx.tag_debit_balance_account","","cuenta601_00","","Aportaciones al infonavit"
"cuenta601_28","Contributions to the SAR","601.28.01","expense","False","l10n_mx.tag_debit_balance_account","","cuenta601_00","","Aportaciones al SAR"
"cuenta601_58","Other taxes and duties","601.58.01","expense","False","l10n_mx.tag_debit_balance_account","","cuenta601_00","","Otros impuestos y derechos"
"cuenta601_74","Commissions on sales","601.74.01","expense","False","l10n_mx.tag_debit_balance_account","","cuenta601_00","","Comisiones sobre ventas"
"cuenta601_84","Other overheads","601.84.01","expense","False","l10n_mx.tag_debit_balance_account","","cuenta601_00","","Otros gastos generales"
"cuenta701_00","Financial Expenses","701","expense","False","l10n_mx.tag_debit_balance_account","","","False","Gastos financieros"
"cuenta701_01","Foreign exchange loss","701.01.01","expense","False","l10n_mx.tag_debit_balance_account","","cuenta701_00","","Pérdida cambiaria"
"cuenta702_00","Financial Income","702","income","False","l10n_mx.tag_credit_balance_account","","","False","Productos financieros"
"cuenta702_01","Exchange profit","702.01.01","income","False","l10n_mx.tag_credit_balance_account","","cuenta702_00","","Utilidad cambiaria"
"cuenta811_00","Tax gain or loss on sale/write-off of fixed assets","811","expense","False","l10n_mx.tag_debit_balance_account","","","False","Utilidad o pérdida fiscal en venta y/o baja de activo fijo"
"cuenta801_01","Tax gain or loss on sale and/or derecognition of fixed assets","811.01.01","expense","False","l10n_mx.tag_debit_balance_account","","cuenta811_00","","Utilidad o pérdida fiscal en venta y/o baja de activo fijo"
"cuenta899_00","Other memorandum accounts","899","expense","False","l10n_mx.tag_debit_balance_account","","","False","Otras cuentas de orden"
"cuenta801_01_99","Taxable Cash Flow Tax Basis","899.01.99","expense","False","l10n_mx.tag_debit_balance_account","","cuenta899_00","","Base Imponible de Impuestos en Base a Flujo de Efectivo"
